frame,x,y,width,state
9,927,567,36.138621999185304,SAFE
10,925,566,37.656340767525464,SAFE
11,923,567,39.05124837953327,SAFE
17,901,570,34.058772731852805,SAFE
